Id,Name
1,hung
1,hung
1,hung
10,huy
10,hung
10,hung
10,hung
10,hung
10,hung
11,huy
10,hung
10,hung
11,banhung
2,bansao
12,huy
19,hunggg
20,hungg
20,hungg
13,huyy
10,hy
18,chi
100,hg
101,hr
100,hungr
10,hung
11,banhung
1,hung
2,banhung
1,hung
1,hung
2,hunggg
1,hung
2,hunghung
1,hung
2,banhung
1,hung
1,banhung
3,chihung
1,hung
2,banhung
3,sontung
3,sontung
1,hung
1,mytam
2,buianhtuan
3,chipu
4,hung
1,hung
1,hung
1,HUNGGG
1,hu
2,abc
2,ad
1,adas
1,dasdsa
1,sadasdasd
3,rrr
1,aa
2,af
3,tr
1,hung
2,tranthanh
3,hoailinh
4,duynguyen
4,duynguyen
5,mytam
1,ad
1,hung
1,hung
1,hungg
2,hun
3,hugggg
3,hansara
1,adddf
1,gg
1,ae
1,qw
1,asz
111,rt
1,zx
1111,df
1111,axz
106170095,hungf
109,tu
